<application>
  <component name="GwtSdkManager">
    <gwt-sdk-list>
      <gwt-sdk url="file://E:/MavenRepos/repository/com/google/gwt/gwt-dev/2.7.0" />
      <gwt-sdk url="file://E:/MavenRepos/repository/com/google/gwt/gwt-dev/2.7.0" />
      <gwt-sdk url="file://E:/MavenRepos/repository/com/google/gwt/gwt-dev/2.7.0" />
      <gwt-sdk url="file://E:/MavenRepos/repository/com/google/gwt/gwt-dev/2.7.0" />
      <gwt-sdk url="file://E:/MavenRepos/repository/com/google/gwt/gwt-dev/2.7.0" />
      <gwt-sdk url="file://E:/MavenRepos/repository/com/google/gwt/gwt-dev/2.7.0" />
    </gwt-sdk-list>
  </component>
</application>