<application>
  <component name="FileTypeManager" version="17">
    <extensionMap>
      <mapping pattern="*.js.flow" type="Flow" />
      <mapping pattern="*.js.flow" type="Flow" />
      <mapping ext="gradle.kts" type="Kotlin" />
      <mapping pattern=".suo" type="PLAIN_TEXT" />
      <mapping pattern="test-template" type="PLAIN_TEXT" />
      <mapping ext="bt" type="PLAIN_TEXT" />
      <mapping ext="backup" type="PLAIN_TEXT" />
      <mapping ext="orig" type="PLAIN_TEXT" />
      <mapping ext="xbel" type="PLAIN_TEXT" />
      <mapping ext="config" type="PLAIN_TEXT" />
      <mapping ext="bak2" type="PLAIN_TEXT" />
      <mapping ext="tmp" type="PLAIN_TEXT" />
      <mapping ext="cache" type="PLAIN_TEXT" />
      <mapping ext="gz" type="PLAIN_TEXT" />
      <mapping ext="bak" type="PLAIN_TEXT" />
      <mapping ext="do" type="PLAIN_TEXT" />
    </extensionMap>
  </component>
</application>