<application>
  <component name="SonarLintGlobalSettings">
    <option name="nodejsPath" value="" />
    <option name="sonarQubeServers">
      <list>
        <SonarQubeServer>
          <option name="hostUrl" value="http://192.168.202.34:19000" />
          <option name="name" value="Sonarqube" />
          <option name="login" value="admin" />
          <password>dfcedfc9dfc3dfdedfd9df9adf9adf9bdf8b</password>
        </SonarQubeServer>
      </list>
    </option>
    <rules>
      <Rule active="false" key="java:S1220" />
    </rules>
  </component>
</application>