<application>
  <component name="CodeInsightSettings">
    <option name="completionCaseSensitive" value="2" />
    <option name="selectAutopopupSuggestionsByChars" value="true" />
    <option name="PARAMETER_INFO_DELAY" value="1" />
    <option name="AUTO_POPUP_JAVADOC_INFO" value="true" />
    <option name="JAVADOC_INFO_DELAY" value="50" />
    <option name="COMPLETION_CASE_SENSITIVE" value="2" />
    <option name="SELECT_AUTOPOPUP_SUGGESTIONS_BY_CHARS" value="true" />
    <option name="AUTOCOMPLETE_ON_CODE_COMPLETION" value="false" />
    <option name="SHOW_FULL_SIGNATURES_IN_PARAMETER_INFO" value="true" />
    <option name="INSERT_BRACE_ON_ENTER" value="false" />
  </component>
  <component name="DefaultFont">
    <option name="FONT_SIZE" value="14" />
    <option name="FONT_FAMILY" value="Consolas" />
    <option name="LINE_SPACING" value="1.1" />
    <option name="SECONDARY_FONT_FAMILY" value="Source Code Pro" />
  </component>
  <component name="EditorSettings">
    <option name="STRIP_TRAILING_SPACES" value="None" />
    <option name="IS_ALL_SOFTWRAPS_SHOWN" value="true" />
    <option name="IS_INDENT_GUIDES_SHOWN" value="false" />
    <option name="IS_WHEEL_FONTCHANGE_ENABLED" value="true" />
  </component>
  <component name="JSEditorOptions">
    <option name="ESCAPE_PASTED_TEXT" value="false" />
    <option name="CONVERT_HTML_TO_JSX" value="false" />
  </component>
  <component name="JsonEditorOptions">
    <option name="COMMA_ON_ENTER" value="false" />
    <option name="COMMA_ON_MATCHING_BRACES" value="false" />
    <option name="COMMA_ON_PASTE" value="false" />
    <option name="AUTO_QUOTE_PROP_NAME" value="false" />
    <option name="AUTO_WHITESPACE_AFTER_COLON" value="false" />
    <option name="ESCAPE_PASTED_TEXT" value="false" />
  </component>
  <component name="YamlEditorOptions">
    <option name="useSmartPaste" value="false" />
  </component>
</application>