<application>
  <component name="DefaultFont">
    <option name="FONT_SIZE" value="14" />
    <option name="LINE_SPACING" value="1.1" />
    <option name="SECONDARY_FONT_FAMILY" value="DialogInput" />
  </component>
  <component name="EditorSettings">
    <option name="languageBreadcrumbsMap">
      <map>
        <entry key="JAVA" value="true" />
      </map>
    </option>
    <option name="USE_SOFT_WRAPS" value="" />
    <option name="SHOW_QUICK_DOC_ON_MOUSE_OVER_ELEMENT" value="true" />
    <option name="IS_WHEEL_FONTCHANGE_ENABLED" value="true" />
  </component>
</application>