<application>
  <component name="GitRememberedInputs">
    <option name="visitedUrls">
      <list>
        <UrlAndUserName>
          <option name="url" value="git@yungoalgit2.chinaeast.cloudapp.chinacloudapi.cn:isv-bj/china-unicom/CloudManager.git" />
          <option name="userName" value="" />
        </UrlAndUserName>
        <UrlAndUserName>
          <option name="url" value="http://10.1.191.15:13480" />
          <option name="userName" value="songxzc" />
        </UrlAndUserName>
        <UrlAndUserName>
          <option name="url" value="git@10.1.191.15:dcits/its-cmp/its-cmp-service.git" />
          <option name="userName" value="" />
        </UrlAndUserName>
      </list>
    </option>
    <option name="cloneParentDir" value="C:\Users\Sindrol\Desktop" />
  </component>
  <component name="Vcs.Log.App.Settings">
    <option name="COLUMN_ORDER">
      <list>
        <option value="0" />
        <option value="1" />
        <option value="2" />
        <option value="3" />
      </list>
    </option>
  </component>
</application>