<application>
  <component name="GeneralSettings">
    <option name="confirmExit" value="false" />
    <option name="confirmOpenNewProject2" value="0" />
    <option name="reopenLastProject" value="false" />
    <option name="showTipsOnStartup" value="false" />
  </component>
  <component name="Registry">
    <entry key="java.experimental.support" value="true" />
    <entry key="debugger.watches.in.variables" value="false" />
    <entry key="ide.editor.tabs.open.at.the.end" value="true" />
  </component>
</application>