<keymap version="1" name="Visual Studio Custom" parent="Visual Studio">
  <action id="ActivateBuildToolWindow">
    <keyboard-shortcut first-keystroke="shift f6" />
  </action>
  <action id="ActivateErrorsInSolutionToolWindow">
    <keyboard-shortcut first-keystroke="ctrl w" second-keystroke="e" />
  </action>
  <action id="ActivateProjectToolWindow">
    <keyboard-shortcut first-keystroke="ctrl w" second-keystroke="s" />
  </action>
  <action id="ActivateStructureToolWindow">
    <keyboard-shortcut first-keystroke="ctrl w" second-keystroke="c" />
  </action>
  <action id="Arrangement.Alias.Rule.Edit" />
  <action id="Arrangement.Rule.Edit" />
  <action id="BuildSolutionAction">
    <keyboard-shortcut first-keystroke="shift ctrl b" />
    <keyboard-shortcut first-keystroke="f6" />
  </action>
  <action id="CodeCleanup">
    <keyboard-shortcut first-keystroke="ctrl e" second-keystroke="ctrl c" />
  </action>
  <action id="CodeCompletion">
    <keyboard-shortcut first-keystroke="ctrl j" />
  </action>
  <action id="CollapseSelection" />
  <action id="CommentByBlockComment">
    <keyboard-shortcut first-keystroke="ctrl e" second-keystroke="u" />
  </action>
  <action id="CommentByLineComment">
    <keyboard-shortcut first-keystroke="ctrl e" second-keystroke="c" />
    <keyboard-shortcut first-keystroke="ctrl slash" />
  </action>
  <action id="Console.TableResult.EditValue">
    <keyboard-shortcut first-keystroke="enter" />
    <keyboard-shortcut first-keystroke="alt enter" />
  </action>
  <action id="Console.TableResult.NavigateAction" />
  <action id="ContextHelp" />
  <action id="Database.OpenDbStorageAction" />
  <action id="EditSource" />
  <action id="EditorChooseLookupItemDot" />
  <action id="EditorSelectWord">
    <keyboard-shortcut first-keystroke="ctrl alt right" />
  </action>
  <action id="Git.Reword.Commit" />
  <action id="GotoNextError" />
  <action id="GuiDesigner.EditComponent" />
  <action id="GuiDesigner.EditGroup" />
  <action id="Images.Editor.ActualSize">
    <keyboard-shortcut first-keystroke="ctrl divide" />
  </action>
  <action id="Maven.ReimportProject">
    <keyboard-shortcut first-keystroke="ctrl i" />
  </action>
  <action id="ParameterInfo">
    <keyboard-shortcut first-keystroke="f1" />
  </action>
  <action id="QuickJavaDoc">
    <keyboard-shortcut first-keystroke="f4" />
  </action>
  <action id="RebuildSolutionAction">
    <keyboard-shortcut first-keystroke="ctrl f6" />
  </action>
  <action id="RefactoringMenuRenameFile">
    <keyboard-shortcut first-keystroke="ctrl r" />
  </action>
  <action id="ReformatCode">
    <keyboard-shortcut first-keystroke="ctrl alt enter" />
    <keyboard-shortcut first-keystroke="ctrl e" second-keystroke="d" />
  </action>
  <action id="RenameElement">
    <keyboard-shortcut first-keystroke="f2" />
  </action>
  <action id="RevealIn">
    <mouse-shortcut keystroke="control button1 doubleClick" />
  </action>
  <action id="ShelvedChanges.Rename" />
  <action id="ShowIntentionActions">
    <keyboard-shortcut first-keystroke="alt enter" />
    <keyboard-shortcut first-keystroke="ctrl period" />
  </action>
  <action id="SurroundWithLiveTemplate">
    <keyboard-shortcut first-keystroke="ctrl e" second-keystroke="ctrl u" />
  </action>
  <action id="UML.ActualSize">
    <keyboard-shortcut first-keystroke="ctrl divide" />
  </action>
  <action id="Vcs.EditSource" />
  <action id="XDebugger.EditWatch" />
  <action id="XDebugger.JumpToSource" />
  <action id="XDebugger.SetValue" />
</keymap>